[
    {
        "courcename": "Software Engineering",
        "teacher": "Naresh Kollipora",
        "img" : "https://inteng-storage.s3.amazonaws.com/img/iea/nR6bkXZxwo/sizes/software-engineering-skills_md.jpg",
        "reviews": 4.5,
        "categories": "Basic Computer Science",
        "desc1" : "Software engineering is a branch of computer science which includes the development and building of computer systems software and applications software. Computer systems software is composed of programs that include computing utilities and operations systems.",
        "desc2" : "",
        "requirements" : ["Basic concepts of computer science","Basic concepts of computer science","Basic concepts of computer science","Basic concepts of computer science","Basic concepts of computer science"],
        "rating" : [57,5,7,8,4],

        "cost" : "FREE",
        "duretion" : "10 Hours",
        "lectures" : "60",
        "acess" : "FULL TIME",
        "mobileaccess" : "Yes",
        "articals" : "18",

        "teacherrating" : "4.9",
        "review"  : "13k",
        "teacherdesc"   : "Software engineering is a branch of computer science which includes the development and building of computer systems software and applications software. Computer systems software is composed of programs that include computing utilities and operations systems",

        "circulamlectures" : [
            {

                    "title": "Lecture1 :Intoduction to Software Engineering-1",
                    "desc": "Software engineering -1",
                    "link": "none",
                    "subtopics" : [
                                        {
                                        "title": "Lecture1 :Intoduction to Software Engineering-1.1",
                                        "desc": "Software engineering is a branch of computer science which includes the development.1.1",
                                        "link": "https://www.youtube.com/embed/iXwJkUx4t58"
                                        },
                                        {
                                            "title": "Lecture1 :Intoduction to Software Engineering-1.2",
                                            "desc": "Software engineering is a branch of computer science which includes the development and building of computer systems software and applications software. Computer systems software is composed of programs that include computing utilities and operations systems-1.2",
                                            "link": "https://www.youtube.com/embed/iXwJkUx4t58"
                                        }
                                        
                                  ]
            },
            {
                "title": "Lecture1 :Intoduction to Software Engineering-2",
                "desc": "Software engineering -2",
                "link": "none",
                "subtopics": [
                    {
                        "title": "Lecture1 :Intoduction to Software Engineering 2.1",
                        "desc": "Software engineering is a branch of computer science which includes the development and building of computer systems software and applications software. Computer systems software is composed of programs that include computing utilities and operations systems 2.1",
                        "link": "https://www.youtube.com/embed/iXwJkUx4t58"
                    },
                    {
                        "title": "Lecture1 :Intoduction to Software Engineering 2.2",
                        "desc": "Software engineering is a branch of computer science which includes the development and building of computer systems software and applications software. Computer systems software is composed of programs that include computing utilities and operations systems",
                        "link": "https://www.youtube.com/embed/iXwJkUx4t58"
                    },
                    {
                        "title": "Lecture1 :Intoduction to Software Engineering 2.3",
                        "desc": "Software engineering is a branch of computer science which includes the development and building of computer systems software and applications software. Computer systems software is composed of programs that include computing utilities and operations systems",
                        "link": "https://www.youtube.com/embed/iXwJkUx4t58"
                    }
                ]
            },

            {
                "title": "Lecture1 :Intoduction to Software Engineering-3",
                "desc": "Software engineering -3",
                "link": "https://www.youtube.com/embed/iXwJkUx4t58",
                "subtopics": [
                    {
                        "title": "Lecture1 :Intoduction to Software Engineering 3.1",
                        "desc": "Software engineering is a branch of computer science which includes the development and building of computer systems software and applications software. Computer systems software is composed of programs that include computing utilities and operations systems",
                        "link": "https://www.youtube.com/embed/iXwJkUx4t58"
                    },
                    {
                        "title": "Lecture1 :Intoduction to Software Engineering 3.2",
                        "desc": "Software engineering is a branch of computer science which includes the development and building of computer systems software and applications software. Computer systems software is composed of programs that include computing utilities and operations systems",
                        "link": "https://www.youtube.com/embed/iXwJkUx4t58"
                    },
                    {
                        "title": "Lecture1 :Intoduction to Software Engineering 3.3",
                        "desc": "Software engineering is a branch of computer science which includes the development and building of computer systems software and applications software. Computer systems software is composed of programs that include computing utilities and operations systems",
                        "link": "https://www.youtube.com/embed/iXwJkUx4t58"
                    }
                ]
            },


            {
                "title": "Lecture1 :Intoduction to Software Engineering-4",
                "desc": "Software engineering is a branch of computer science which includes the development and building of computer systems software and applications software. Computer systems software is composed of programs that include computing utilities and operations systems",
                "link": "https://www.youtube.com/embed/iXwJkUx4t58",
                "subtopics" :[
                                {
                                    "title": "Lecture1 :Intoduction to Software Engineering",
                                    "desc": "Software engineering is a branch of computer science which includes the development and building of computer systems software and applications software. Computer systems software is composed of programs that include computing utilities and operations systems",
                                    "link": "https://www.youtube.com/embed/iXwJkUx4t58"
                                },
                                {
                                    "title": "Lecture1 :Intoduction to Software Engineering",
                                    "desc": "Software engineering is a branch of computer science which includes the development and building of computer systems software and applications software. Computer systems software is composed of programs that include computing utilities and operations systems",
                                    "link": "https://www.youtube.com/embed/iXwJkUx4t58"
                                },
                                {
                                    "title": "Lecture1 :Intoduction to Software Engineering",
                                    "desc": "Software engineering is a branch of computer science which includes the development and building of computer systems software and applications software. Computer systems software is composed of programs that include computing utilities and operations systems",
                                    "link": "https://www.youtube.com/embed/iXwJkUx4t58"
                                }
                            ]
            }

        ]

    },

    {
        "courcename": "Software Engineering",
        "teacher": "Naresh Kollipora",
        "reviews": 4,
        "categories": "Basic Computer Science"
    }

]