[
    {
        "unitno" :"1",
        "unit_title" : "Introduction to DSA",
        "video_list" :[
            {
                "videoid":"909",
                "title" : "Basics of DSA",
                "link"  : "https://player.vimeo.com/video/424440346"
            },
            {
                "videoid": "9090",
                "title": "Basics-2",
                "link": "https://www.youtube.com/embed/FbEW3xAmhKs"
            }
        ]
    },
        {
            "unitno": "2",
            "unit_title": "Unit2 :Bye to DSA",
            "video_list": [
                {
                    "videoid": "90900",
                    "title": "Basics3",
                    "link": "https://www.youtube.com/embed/4m7msadL5iA"
                },
                {
                    "videoid": "909000",
                    "title": "Basics-23",
                    "link": "https://www.youtube.com/embed/tCAt8eEKPDc"
                }
            ]
        }
]