[
    {
        "img" : "https://images.pexels.com/photos/1250362/pexels-photo-1250362.jpeg?auto=compress&cs=tinysrgb&dpr=2&h=650&w=940",
        "cname" : "Software Engineering",
        "teacher" :"Naresh",
        "rating" : 4.6,
        "enrollstudents" : 130,
        "cost" : "Rs.3000"
    },
    {
        "img": "https://images.pexels.com/photos/3691225/pexels-photo-3691225.jpeg?auto=compress&cs=tinysrgb&dpr=2&h=650&w=940",
        "cname": "Software Engineering-2",
        "teacher": "Naresh",
        "rating": 4.6,
        "enrollstudents": 30,
        "cost": 300
    },
    {
        "img": "https://lh3.googleusercontent.com/pw/ACtC-3eXWXvTVU9M99MJBXM8xDEPvzmVYBUYIQPFl0inWDaDgr4M1_ojJYkSIh8cqI4oKjHGkR-0uF528ATgXMbcrp6BLBK2oP1HCopithIUVnLK9XOFYdLMxJQE2h22Bihf93Cqs2VnQNB6anx7y-YoG8ur=w919-h610-no?authuser=0",
        "cname": "Software Engineering-3",
        "teacher": "Naresh",
        "rating": 4.6,
        "enrollstudents": 30,
        "cost": 300
    }

]
